rating,min,max,mean,median
1,10.4,59.64,34.48167149992681,35.10205942622951
2,10.02,59.95,35.00480952178714,36.17
3,10.16,59.99,34.281062174656206,33.29
4,10.01,59.45,36.285889020098175,37.51
5,10.0,59.92,35.72477075451871,36.83
